code,name,type,active,date_start,date_end
E06000048,Northumberland,laua,False,2009-04-01T00:00:00,2013-03-31T00:00:00
W06000007,Powys,laua,False,2009-01-01T00:00:00,2009-05-31T00:00:00
W06000017,Merthyr Tydfil,laua,False,2009-01-01T00:00:00,2009-05-31T00:00:00
E07000057,Easington,laua,False,2009-01-01T00:00:00,2009-03-31T00:00:00
E07000059,Teesdale,laua,False,2009-01-01T00:00:00,2009-03-31T00:00:00
E07000060,Wear Valley,laua,False,2009-01-01T00:00:00,2009-03-31T00:00:00
E07000182,Bridgnorth,laua,False,2009-01-01T00:00:00,2009-03-31T00:00:00
E07000184,Oswestry,laua,False,2009-01-01T00:00:00,2009-03-31T00:00:00
E07000056,Durham,laua,False,2009-01-01T00:00:00,2009-03-31T00:00:00
E07000100,St Albans,laua,False,2009-01-01T00:00:00,2012-03-31T00:00:00
E07000101,Stevenage,laua,False,2009-01-01T00:00:00,2013-03-31T00:00:00
E07000233,West Wiltshire,laua,False,2009-01-01T00:00:00,2009-03-31T00:00:00
E07000001,Mid Bedfordshire,laua,False,2009-01-01T00:00:00,2009-03-31T00:00:00
E07000002,Bedford,laua,False,2009-01-01T00:00:00,2009-03-31T00:00:00
E07000016,Ellesmere Port & Neston,laua,False,2009-01-01T00:00:00,2009-03-31T00:00:00
E07000023,Penwith,laua,False,2009-01-01T00:00:00,2009-03-31T00:00:00
E07000024,Restormel,laua,False,2009-01-01T00:00:00,2009-03-31T00:00:00
E07000025,Isles of Scilly,laua,False,2009-01-01T00:00:00,2009-03-31T00:00:00
E07000054,Chester-le-Street,laua,False,2009-01-01T00:00:00,2009-03-31T00:00:00
E07000055,Derwentside,laua,False,2009-01-01T00:00:00,2009-03-31T00:00:00
E07000159,Blyth Valley,laua,False,2009-01-01T00:00:00,2009-03-31T00:00:00
E07000162,Wansbeck,laua,False,2009-01-01T00:00:00,2009-03-31T00:00:00
E07000186,South Shropshire,laua,False,2009-01-01T00:00:00,2009-03-31T00:00:00
E07000231,North Wiltshire,laua,False,2009-01-01T00:00:00,2009-03-31T00:00:00
E07000104,Welwyn Hatfield,laua,False,2009-01-01T00:00:00,2012-03-31T00:00:00
E07000157,Alnwick,laua,False,2009-01-01T00:00:00,2009-03-31T00:00:00
E07000158,Berwick-upon-Tweed,laua,False,2009-01-01T00:00:00,2009-03-31T00:00:00
E07000185,Shrewsbury and Atcham,laua,False,2009-01-01T00:00:00,2009-03-31T00:00:00
E07000232,Salisbury,laua,False,2009-01-01T00:00:00,2009-03-31T00:00:00
E07000014,Congleton,laua,False,2009-01-01T00:00:00,2009-03-31T00:00:00
E07000018,Vale Royal,laua,False,2009-01-01T00:00:00,2009-03-31T00:00:00
E07000019,Caradon,laua,False,2009-01-01T00:00:00,2009-03-31T00:00:00
E07000020,Carrick,laua,False,2009-01-01T00:00:00,2009-03-31T00:00:00
E07000022,North Cornwall,laua,False,2009-01-01T00:00:00,2009-03-31T00:00:00
E07000017,Macclesfield,laua,False,2009-01-01T00:00:00,2009-03-31T00:00:00
E07000058,Sedgefield,laua,False,2009-01-01T00:00:00,2009-03-31T00:00:00
E07000097,East Hertfordshire,laua,False,2009-01-01T00:00:00,2013-03-31T00:00:00
E07000160,Castle Morpeth,laua,False,2009-01-01T00:00:00,2009-03-31T00:00:00
E07000161,Tynedale,laua,False,2009-01-01T00:00:00,2009-03-31T00:00:00
E07000183,North Shropshire,laua,False,2009-01-01T00:00:00,2009-03-31T00:00:00
E07000230,Kennet,laua,False,2009-01-01T00:00:00,2009-03-31T00:00:00
E08000020,Gateshead,laua,False,2009-01-01T00:00:00,2013-03-31T00:00:00
E07000003,South Bedfordshire,laua,False,2009-01-01T00:00:00,2009-03-31T00:00:00
E07000013,Chester,laua,False,2009-01-01T00:00:00,2009-03-31T00:00:00
E07000015,Crewe and Nantwich,laua,False,2009-01-01T00:00:00,2009-03-31T00:00:00
E07000021,Kerrier,laua,False,2009-01-01T00:00:00,2009-03-31T00:00:00
E06000031,Peterborough,laua,True,2009-01-01T00:00:00,
E06000040,Windsor and Maidenhead,laua,True,2009-01-01T00:00:00,
E06000049,Cheshire East,laua,True,2009-04-01T00:00:00,
E06000051,Shropshire,laua,True,2009-04-01T00:00:00,
E06000054,Wiltshire,laua,True,2009-04-01T00:00:00,
E07000027,Barrow-in-Furness,laua,True,2009-01-01T00:00:00,
E07000035,Derbyshire Dales,laua,True,2009-01-01T00:00:00,
E07000040,East Devon,laua,True,2009-01-01T00:00:00,
E07000045,Teignbridge,laua,True,2009-01-01T00:00:00,
E07000077,Uttlesford,laua,True,2009-01-01T00:00:00,
E07000079,Cotswold,laua,True,2009-01-01T00:00:00,
E07000082,Stroud,laua,True,2009-01-01T00:00:00,
E07000084,Basingstoke and Deane,laua,True,2009-01-01T00:00:00,
E07000088,Gosport,laua,True,2009-01-01T00:00:00,
E07000118,Chorley,laua,True,2009-01-01T00:00:00,
E07000128,Wyre,laua,True,2009-01-01T00:00:00,
E07000134,North West Leicestershire,laua,True,2009-01-01T00:00:00,
E07000135,Oadby and Wigston,laua,True,2009-01-01T00:00:00,
E07000136,Boston,laua,True,2009-01-01T00:00:00,
E07000139,North Kesteven,laua,True,2009-01-01T00:00:00,
E07000148,Norwich,laua,True,2009-01-01T00:00:00,
E07000163,Craven,laua,True,2009-01-01T00:00:00,
E07000167,Ryedale,laua,True,2009-01-01T00:00:00,
E07000168,Scarborough,laua,True,2009-01-01T00:00:00,
E07000188,Sedgemoor,laua,True,2009-01-01T00:00:00,
E07000192,Cannock Chase,laua,True,2009-01-01T00:00:00,
E07000194,Lichfield,laua,True,2009-01-01T00:00:00,
E07000195,Newcastle-under-Lyme,laua,True,2009-01-01T00:00:00,
E07000196,South Staffordshire,laua,True,2009-01-01T00:00:00,
E07000200,Babergh,laua,True,2009-01-01T00:00:00,
E07000202,Ipswich,laua,True,2009-01-01T00:00:00,
E07000212,Runnymede,laua,True,2009-01-01T00:00:00,
E07000213,Spelthorne,laua,True,2009-01-01T00:00:00,
E07000224,Arun,laua,True,2009-01-01T00:00:00,
E07000225,Chichester,laua,True,2009-01-01T00:00:00,
E07000237,Worcester,laua,True,2009-01-01T00:00:00,
E07000241,Welwyn Hatfield,laua,True,2012-04-01T00:00:00,
E08000002,Bury,laua,True,2009-01-01T00:00:00,
E08000003,Manchester,laua,True,2009-01-01T00:00:00,
E08000006,Salford,laua,True,2009-01-01T00:00:00,
E08000008,Tameside,laua,True,2009-01-01T00:00:00,
E08000016,Barnsley,laua,True,2009-01-01T00:00:00,
E08000017,Doncaster,laua,True,2009-01-01T00:00:00,
E08000022,North Tyneside,laua,True,2009-01-01T00:00:00,
E08000023,South Tyneside,laua,True,2009-01-01T00:00:00,
E08000030,Walsall,laua,True,2009-01-01T00:00:00,
E08000031,Wolverhampton,laua,True,2009-01-01T00:00:00,
E08000032,Bradford,laua,True,2009-01-01T00:00:00,
E08000033,Calderdale,laua,True,2009-01-01T00:00:00,
E09000010,Enfield,laua,True,2009-01-01T00:00:00,
E09000011,Greenwich,laua,True,2009-01-01T00:00:00,
E09000012,Hackney,laua,True,2009-01-01T00:00:00,
E09000013,Hammersmith and Fulham,laua,True,2009-01-01T00:00:00,
E09000019,Islington,laua,True,2009-01-01T00:00:00,
E09000020,Kensington and Chelsea,laua,True,2009-01-01T00:00:00,
E09000022,Lambeth,laua,True,2009-01-01T00:00:00,
E09000024,Merton,laua,True,2009-01-01T00:00:00,
E09000026,Redbridge,laua,True,2009-01-01T00:00:00,
E09000028,Southwark,laua,True,2009-01-01T00:00:00,
E09000030,Tower Hamlets,laua,True,2009-01-01T00:00:00,
N09000001,Antrim and Newtownabbey,laua,True,2015-04-01T00:00:00,
N09000005,Derry City and Strabane,laua,True,2016-02-24T00:00:00,
N09000007,Lisburn and Castlereagh,laua,True,2015-04-01T00:00:00,
W06000005,Flintshire,laua,True,2009-01-01T00:00:00,
W06000010,Carmarthenshire,laua,True,2009-01-01T00:00:00,
W06000011,Swansea,laua,True,2009-01-01T00:00:00,
W06000018,Caerphilly,laua,True,2009-01-01T00:00:00,
S12000017,Highland,laua,True,2009-01-01T00:00:00,
S12000023,Orkney Islands,laua,True,2009-01-01T00:00:00,
S12000024,Perth and Kinross,laua,False,2009-01-01T00:00:00,2018-02-01T00:00:00
S12000039,West Dunbartonshire,laua,True,2009-01-01T00:00:00,
S12000040,West Lothian,laua,True,2009-01-01T00:00:00,
S12000043,Glasgow City,laua,False,2010-04-01T00:00:00,2011-03-31T00:00:00
S12000044,North Lanarkshire,laua,False,2010-04-01T00:00:00,2019-03-31T00:00:00
S12000003,Angus,laua,False,2009-01-01T00:00:00,2010-03-31T00:00:00
S12000045,East Dunbartonshire,laua,True,2011-04-01T00:00:00,
S12000046,Glasgow City,laua,False,2011-04-01T00:00:00,2019-03-31T00:00:00
S12000005,Clackmannanshire,laua,True,2009-01-01T00:00:00,
S12000010,East Lothian,laua,True,2009-01-01T00:00:00,
E07000048,Christchurch,laua,False,2009-01-01T00:00:00,2019-03-31T00:00:00
E07000053,Weymouth and Portland,laua,False,2009-01-01T00:00:00,2019-03-31T00:00:00
E07000190,Taunton Deane,laua,False,2009-01-01T00:00:00,2019-03-31T00:00:00
E07000201,Forest Heath,laua,False,2009-01-01T00:00:00,2019-03-31T00:00:00
E07000206,Waveney,laua,False,2009-01-01T00:00:00,2019-03-31T00:00:00
E06000028,Bournemouth,laua,False,2009-01-01T00:00:00,2019-03-31T00:00:00
E06000003,Redcar and Cleveland,laua,True,2009-01-01T00:00:00,
E06000004,Stockton-on-Tees,laua,True,2009-01-01T00:00:00,
E06000007,Warrington,laua,True,2009-01-01T00:00:00,
E06000008,Blackburn with Darwen,laua,True,2009-01-01T00:00:00,
E06000014,York,laua,True,2009-01-01T00:00:00,
E06000016,Leicester,laua,True,2009-01-01T00:00:00,
E06000019,"Herefordshire, County of",laua,True,2009-01-01T00:00:00,
E06000024,North Somerset,laua,True,2009-01-01T00:00:00,
E06000033,Southend-on-Sea,laua,True,2009-01-01T00:00:00,
E06000036,Bracknell Forest,laua,True,2009-01-01T00:00:00,
E06000057,Northumberland,laua,True,2013-04-01T00:00:00,
E07000012,South Cambridgeshire,laua,True,2009-01-01T00:00:00,
E07000032,Amber Valley,laua,True,2009-01-01T00:00:00,
E07000033,Bolsover,laua,True,2009-01-01T00:00:00,
E07000039,South Derbyshire,laua,True,2009-01-01T00:00:00,
E07000041,Exeter,laua,True,2009-01-01T00:00:00,
E07000061,Eastbourne,laua,True,2009-01-01T00:00:00,
E07000062,Hastings,laua,True,2009-01-01T00:00:00,
E07000063,Lewes,laua,True,2009-01-01T00:00:00,
E07000064,Rother,laua,True,2009-01-01T00:00:00,
E07000065,Wealden,laua,True,2009-01-01T00:00:00,
E07000066,Basildon,laua,True,2009-01-01T00:00:00,
E07000067,Braintree,laua,True,2009-01-01T00:00:00,
E07000070,Chelmsford,laua,True,2009-01-01T00:00:00,
E07000075,Rochford,laua,True,2009-01-01T00:00:00,
E07000076,Tendring,laua,True,2009-01-01T00:00:00,
E07000078,Cheltenham,laua,True,2009-01-01T00:00:00,
E07000080,Forest of Dean,laua,True,2009-01-01T00:00:00,
E07000089,Hart,laua,True,2009-01-01T00:00:00,
E07000094,Winchester,laua,True,2009-01-01T00:00:00,
E07000096,Dacorum,laua,True,2009-01-01T00:00:00,
E07000102,Three Rivers,laua,True,2009-01-01T00:00:00,
E07000105,Ashford,laua,True,2009-01-01T00:00:00,
E07000107,Dartford,laua,True,2009-01-01T00:00:00,
E07000116,Tunbridge Wells,laua,True,2009-01-01T00:00:00,
E07000123,Preston,laua,True,2009-01-01T00:00:00,
E07000130,Charnwood,laua,True,2009-01-01T00:00:00,
E07000149,South Norfolk,laua,True,2009-01-01T00:00:00,
E07000151,Daventry,laua,True,2009-01-01T00:00:00,
E07000165,Harrogate,laua,True,2009-01-01T00:00:00,
E07000173,Gedling,laua,True,2009-01-01T00:00:00,
E07000174,Mansfield,laua,True,2009-01-01T00:00:00,
E07000175,Newark and Sherwood,laua,True,2009-01-01T00:00:00,
E07000193,East Staffordshire,laua,True,2009-01-01T00:00:00,
E07000208,Epsom and Ewell,laua,True,2009-01-01T00:00:00,
E07000210,Mole Valley,laua,True,2009-01-01T00:00:00,
E07000211,Reigate and Banstead,laua,True,2009-01-01T00:00:00,
E07000219,Nuneaton and Bedworth,laua,True,2009-01-01T00:00:00,
E07000221,Stratford-on-Avon,laua,True,2009-01-01T00:00:00,
E07000222,Warwick,laua,True,2009-01-01T00:00:00,
E07000226,Crawley,laua,True,2009-01-01T00:00:00,
E07000229,Worthing,laua,True,2009-01-01T00:00:00,
E07000235,Malvern Hills,laua,True,2009-01-01T00:00:00,
E07000236,Redditch,laua,True,2009-01-01T00:00:00,
E08000007,Stockport,laua,True,2009-01-01T00:00:00,
E08000014,Sefton,laua,True,2009-01-01T00:00:00,
E08000024,Sunderland,laua,True,2009-01-01T00:00:00,
E08000026,Coventry,laua,True,2009-01-01T00:00:00,
E08000027,Dudley,laua,True,2009-01-01T00:00:00,
E08000036,Wakefield,laua,True,2009-01-01T00:00:00,
E09000004,Bexley,laua,True,2009-01-01T00:00:00,
E09000005,Brent,laua,True,2009-01-01T00:00:00,
E09000006,Bromley,laua,True,2009-01-01T00:00:00,
E09000017,Hillingdon,laua,True,2009-01-01T00:00:00,
E09000025,Newham,laua,True,2009-01-01T00:00:00,
E09000029,Sutton,laua,True,2009-01-01T00:00:00,
E09000032,Wandsworth,laua,True,2009-01-01T00:00:00,
W06000002,Gwynedd,laua,True,2009-01-01T00:00:00,
W06000003,Conwy,laua,True,2009-01-01T00:00:00,
W06000009,Pembrokeshire,laua,True,2009-01-01T00:00:00,
W06000015,Cardiff,laua,True,2009-01-01T00:00:00,
S12000047,Fife,laua,True,2018-02-02T00:00:00,
S12000049,Glasgow City,laua,True,2019-04-01T00:00:00,
S12000009,East Dunbartonshire,laua,False,2009-01-01T00:00:00,2011-03-31T00:00:00
S12000014,Falkirk,laua,True,2009-01-01T00:00:00,
S12000026,Scottish Borders,laua,True,2009-01-01T00:00:00,
S12000029,South Lanarkshire,laua,True,2009-01-01T00:00:00,
S12000036,City of Edinburgh,laua,True,2009-01-01T00:00:00,
S12000038,Renfrewshire,laua,True,2009-01-01T00:00:00,
S12000041,Angus,laua,True,2010-04-01T00:00:00,
S12000006,Dumfries and Galloway,laua,True,2009-01-01T00:00:00,
S12000019,Midlothian,laua,True,2009-01-01T00:00:00,
S12000020,Moray,laua,True,2009-01-01T00:00:00,
S12000030,Stirling,laua,True,2009-01-01T00:00:00,
S12000035,Argyll and Bute,laua,True,2009-01-01T00:00:00,
S12000042,Dundee City,laua,True,2010-04-01T00:00:00,
E06000029,Poole,laua,False,2009-01-01T00:00:00,2019-03-31T00:00:00
E07000245,West Suffolk,laua,True,2019-04-01T00:00:00,
E06000005,Darlington,laua,True,2009-01-01T00:00:00,
E06000009,Blackpool,laua,True,2009-01-01T00:00:00,
E06000010,"Kingston upon Hull, City of",laua,True,2009-01-01T00:00:00,
E06000011,East Riding of Yorkshire,laua,True,2009-01-01T00:00:00,
E06000012,North East Lincolnshire,laua,True,2009-01-01T00:00:00,
E06000015,Derby,laua,True,2009-01-01T00:00:00,
E06000017,Rutland,laua,True,2009-01-01T00:00:00,
E06000021,Stoke-on-Trent,laua,True,2009-01-01T00:00:00,
E06000022,Bath and North East Somerset,laua,True,2009-01-01T00:00:00,
E06000023,"Bristol, City of",laua,True,2009-01-01T00:00:00,
E06000025,South Gloucestershire,laua,True,2009-01-01T00:00:00,
E06000027,Torbay,laua,True,2009-01-01T00:00:00,
E06000030,Swindon,laua,True,2009-01-01T00:00:00,
E06000032,Luton,laua,True,2009-01-01T00:00:00,
E06000035,Medway,laua,True,2009-01-01T00:00:00,
E06000037,West Berkshire,laua,True,2009-01-01T00:00:00,
E06000038,Reading,laua,True,2009-01-01T00:00:00,
E06000045,Southampton,laua,True,2009-01-01T00:00:00,
E06000050,Cheshire West and Chester,laua,True,2009-04-01T00:00:00,
E06000052,Cornwall,laua,True,2009-04-01T00:00:00,
E06000053,Isles of Scilly,laua,True,2009-04-01T00:00:00,
E06000055,Bedford,laua,True,2009-04-01T00:00:00,
E07000026,Allerdale,laua,True,2009-01-01T00:00:00,
E07000029,Copeland,laua,True,2009-01-01T00:00:00,
E07000030,Eden,laua,True,2009-01-01T00:00:00,
E07000037,High Peak,laua,True,2009-01-01T00:00:00,
E07000042,Mid Devon,laua,True,2009-01-01T00:00:00,
E07000046,Torridge,laua,True,2009-01-01T00:00:00,
E07000047,West Devon,laua,True,2009-01-01T00:00:00,
E07000087,Fareham,laua,True,2009-01-01T00:00:00,
E07000093,Test Valley,laua,True,2009-01-01T00:00:00,
E07000095,Broxbourne,laua,True,2009-01-01T00:00:00,
E07000099,North Hertfordshire,laua,True,2009-01-01T00:00:00,
E07000108,Dover,laua,True,2009-01-01T00:00:00,
E07000113,Swale,laua,True,2009-01-01T00:00:00,
E07000114,Thanet,laua,True,2009-01-01T00:00:00,
E07000119,Fylde,laua,True,2009-01-01T00:00:00,
E07000120,Hyndburn,laua,True,2009-01-01T00:00:00,
E07000121,Lancaster,laua,True,2009-01-01T00:00:00,
E07000126,South Ribble,laua,True,2009-01-01T00:00:00,
E07000127,West Lancashire,laua,True,2009-01-01T00:00:00,
E07000141,South Kesteven,laua,True,2009-01-01T00:00:00,
E07000144,Broadland,laua,True,2009-01-01T00:00:00,
E07000146,King's Lynn and West Norfolk,laua,True,2009-01-01T00:00:00,
E07000147,North Norfolk,laua,True,2009-01-01T00:00:00,
E07000155,South Northamptonshire,laua,True,2009-01-01T00:00:00,
E07000156,Wellingborough,laua,True,2009-01-01T00:00:00,
E07000164,Hambleton,laua,True,2009-01-01T00:00:00,
E07000170,Ashfield,laua,True,2009-01-01T00:00:00,
E07000172,Broxtowe,laua,True,2009-01-01T00:00:00,
E07000176,Rushcliffe,laua,True,2009-01-01T00:00:00,
E07000179,South Oxfordshire,laua,True,2009-01-01T00:00:00,
E07000181,West Oxfordshire,laua,True,2009-01-01T00:00:00,
E07000189,South Somerset,laua,True,2009-01-01T00:00:00,
E07000197,Stafford,laua,True,2009-01-01T00:00:00,
E07000198,Staffordshire Moorlands,laua,True,2009-01-01T00:00:00,
E07000199,Tamworth,laua,True,2009-01-01T00:00:00,
E07000215,Tandridge,laua,True,2009-01-01T00:00:00,
E07000216,Waverley,laua,True,2009-01-01T00:00:00,
E07000234,Bromsgrove,laua,True,2009-01-01T00:00:00,
E07000238,Wychavon,laua,True,2009-01-01T00:00:00,
E07000239,Wyre Forest,laua,True,2009-01-01T00:00:00,
E08000001,Bolton,laua,True,2009-01-01T00:00:00,
E08000005,Rochdale,laua,True,2009-01-01T00:00:00,
E08000009,Trafford,laua,True,2009-01-01T00:00:00,
E08000010,Wigan,laua,True,2009-01-01T00:00:00,
E08000012,Liverpool,laua,True,2009-01-01T00:00:00,
E08000013,St. Helens,laua,True,2009-01-01T00:00:00,
E08000019,Sheffield,laua,True,2009-01-01T00:00:00,
E08000021,Newcastle upon Tyne,laua,True,2009-01-01T00:00:00,
E09000002,Barking and Dagenham,laua,True,2009-01-01T00:00:00,
E09000003,Barnet,laua,True,2009-01-01T00:00:00,
E09000014,Haringey,laua,True,2009-01-01T00:00:00,
E09000023,Lewisham,laua,True,2009-01-01T00:00:00,
E09000033,Westminster,laua,True,2009-01-01T00:00:00,
N09000003,Belfast,laua,True,2015-04-01T00:00:00,
N09000010,"Newry, Mourne and Down",laua,True,2015-04-01T00:00:00,
W06000012,Neath Port Talbot,laua,True,2009-01-01T00:00:00,
W06000013,Bridgend,laua,True,2009-01-01T00:00:00,
W06000021,Monmouthshire,laua,True,2009-01-01T00:00:00,
W06000024,Merthyr Tydfil,laua,True,2009-06-01T00:00:00,
E07000004,Aylesbury Vale,laua,False,2009-01-01T00:00:00,2020-03-31T00:00:00
E07000007,Wycombe,laua,False,2009-01-01T00:00:00,2020-03-31T00:00:00
S12000007,Dundee City,laua,False,2009-01-01T00:00:00,2010-03-31T00:00:00
S12000022,North Lanarkshire,laua,False,2009-01-01T00:00:00,2010-03-31T00:00:00
S12000015,Fife,laua,False,2009-01-01T00:00:00,2018-02-01T00:00:00
S12000021,North Ayrshire,laua,True,2009-01-01T00:00:00,
E06000006,Halton,laua,True,2009-01-01T00:00:00,
E06000020,Telford and Wrekin,laua,True,2009-01-01T00:00:00,
E06000026,Plymouth,laua,True,2009-01-01T00:00:00,
E06000034,Thurrock,laua,True,2009-01-01T00:00:00,
E06000039,Slough,laua,True,2009-01-01T00:00:00,
E06000047,County Durham,laua,True,2009-04-01T00:00:00,
E06000060,Buckinghamshire,laua,True,2020-04-01T00:00:00,
E07000009,East Cambridgeshire,laua,True,2009-01-01T00:00:00,
E07000011,Huntingdonshire,laua,True,2009-01-01T00:00:00,
E07000034,Chesterfield,laua,True,2009-01-01T00:00:00,
E07000038,North East Derbyshire,laua,True,2009-01-01T00:00:00,
E07000068,Brentwood,laua,True,2009-01-01T00:00:00,
E07000073,Harlow,laua,True,2009-01-01T00:00:00,
E07000083,Tewkesbury,laua,True,2009-01-01T00:00:00,
E07000090,Havant,laua,True,2009-01-01T00:00:00,
E07000091,New Forest,laua,True,2009-01-01T00:00:00,
E07000103,Watford,laua,True,2009-01-01T00:00:00,
E07000109,Gravesham,laua,True,2009-01-01T00:00:00,
E07000115,Tonbridge and Malling,laua,True,2009-01-01T00:00:00,
E07000122,Pendle,laua,True,2009-01-01T00:00:00,
E07000125,Rossendale,laua,True,2009-01-01T00:00:00,
E07000132,Hinckley and Bosworth,laua,True,2009-01-01T00:00:00,
E07000137,East Lindsey,laua,True,2009-01-01T00:00:00,
E07000138,Lincoln,laua,True,2009-01-01T00:00:00,
E07000140,South Holland,laua,True,2009-01-01T00:00:00,
E07000150,Corby,laua,True,2009-01-01T00:00:00,
E07000152,East Northamptonshire,laua,True,2009-01-01T00:00:00,
E07000169,Selby,laua,True,2009-01-01T00:00:00,
E07000171,Bassetlaw,laua,True,2009-01-01T00:00:00,
E07000178,Oxford,laua,True,2009-01-01T00:00:00,
E07000187,Mendip,laua,True,2009-01-01T00:00:00,
E07000203,Mid Suffolk,laua,True,2009-01-01T00:00:00,
E07000209,Guildford,laua,True,2009-01-01T00:00:00,
E07000214,Surrey Heath,laua,True,2009-01-01T00:00:00,
E07000217,Woking,laua,True,2009-01-01T00:00:00,
E07000223,Adur,laua,True,2009-01-01T00:00:00,
E07000240,St Albans,laua,True,2012-04-01T00:00:00,
E07000243,Stevenage,laua,True,2013-04-01T00:00:00,
E08000004,Oldham,laua,True,2009-01-01T00:00:00,
E08000015,Wirral,laua,True,2009-01-01T00:00:00,
E08000034,Kirklees,laua,True,2009-01-01T00:00:00,
E08000037,Gateshead,laua,True,2013-04-01T00:00:00,
E09000007,Camden,laua,True,2009-01-01T00:00:00,
E09000008,Croydon,laua,True,2009-01-01T00:00:00,
E09000009,Ealing,laua,True,2009-01-01T00:00:00,
E09000021,Kingston upon Thames,laua,True,2009-01-01T00:00:00,
E09000031,Waltham Forest,laua,True,2009-01-01T00:00:00,
N09000004,Causeway Coast and Glens,laua,True,2015-04-01T00:00:00,
N09000006,Fermanagh and Omagh,laua,True,2015-04-01T00:00:00,
W06000006,Wrexham,laua,True,2009-01-01T00:00:00,
W06000008,Ceredigion,laua,True,2009-01-01T00:00:00,
W06000019,Blaenau Gwent,laua,True,2009-01-01T00:00:00,
E07000049,East Dorset,laua,False,2009-01-01T00:00:00,2019-03-31T00:00:00
E07000050,North Dorset,laua,False,2009-01-01T00:00:00,2019-03-31T00:00:00
E07000052,West Dorset,laua,False,2009-01-01T00:00:00,2019-03-31T00:00:00
E07000191,West Somerset,laua,False,2009-01-01T00:00:00,2019-03-31T00:00:00
E07000205,Suffolk Coastal,laua,False,2009-01-01T00:00:00,2019-03-31T00:00:00
E06000059,Dorset,laua,True,2019-04-01T00:00:00,
E07000246,Somerset West and Taunton,laua,True,2019-04-01T00:00:00,
E07000244,East Suffolk,laua,True,2019-04-01T00:00:00,
E06000058,"Bournemouth, Christchurch and Poole",laua,True,2019-04-01T00:00:00,
E07000005,Chiltern,laua,False,2009-01-01T00:00:00,2020-03-31T00:00:00
E07000006,South Bucks,laua,False,2009-01-01T00:00:00,2020-03-31T00:00:00
S12000013,Na h-Eileanan Siar,laua,True,2015-11-01T00:00:00,
S12000018,Inverclyde,laua,True,2009-01-01T00:00:00,
S12000027,Shetland Islands,laua,True,2009-01-01T00:00:00,
S12000037,Glasgow City,laua,False,2009-01-01T00:00:00,2010-03-31T00:00:00
W06000022,Newport,laua,True,2009-01-01T00:00:00,
W06000023,Powys,laua,True,2009-06-01T00:00:00,
S12000008,East Ayrshire,laua,True,2009-01-01T00:00:00,
S12000011,East Renfrewshire,laua,True,2009-01-01T00:00:00,
S12000048,Perth and Kinross,laua,True,2018-02-02T00:00:00,
S12000050,North Lanarkshire,laua,True,2019-04-01T00:00:00,
S12000028,South Ayrshire,laua,True,2009-01-01T00:00:00,
S12000033,Aberdeen City,laua,True,2009-01-01T00:00:00,
S12000034,Aberdeenshire,laua,True,2009-01-01T00:00:00,
E06000001,Hartlepool,laua,True,2009-01-01T00:00:00,
E06000002,Middlesbrough,laua,True,2009-01-01T00:00:00,
E06000013,North Lincolnshire,laua,True,2009-01-01T00:00:00,
E06000018,Nottingham,laua,True,2009-01-01T00:00:00,
E06000041,Wokingham,laua,True,2009-01-01T00:00:00,
E06000042,Milton Keynes,laua,True,2009-01-01T00:00:00,
E06000043,Brighton and Hove,laua,True,2009-01-01T00:00:00,
E06000044,Portsmouth,laua,True,2009-01-01T00:00:00,
E06000046,Isle of Wight,laua,True,2009-01-01T00:00:00,
E06000056,Central Bedfordshire,laua,True,2009-04-01T00:00:00,
E07000008,Cambridge,laua,True,2009-01-01T00:00:00,
E07000010,Fenland,laua,True,2009-01-01T00:00:00,
E07000028,Carlisle,laua,True,2009-01-01T00:00:00,
E07000031,South Lakeland,laua,True,2009-01-01T00:00:00,
E07000036,Erewash,laua,True,2009-01-01T00:00:00,
E07000043,North Devon,laua,True,2009-01-01T00:00:00,
E07000044,South Hams,laua,True,2009-01-01T00:00:00,
E07000069,Castle Point,laua,True,2009-01-01T00:00:00,
E07000071,Colchester,laua,True,2009-01-01T00:00:00,
E07000072,Epping Forest,laua,True,2009-01-01T00:00:00,
E07000074,Maldon,laua,True,2009-01-01T00:00:00,
E07000081,Gloucester,laua,True,2009-01-01T00:00:00,
E07000085,East Hampshire,laua,True,2009-01-01T00:00:00,
E07000086,Eastleigh,laua,True,2009-01-01T00:00:00,
E07000092,Rushmoor,laua,True,2009-01-01T00:00:00,
E07000098,Hertsmere,laua,True,2009-01-01T00:00:00,
E07000106,Canterbury,laua,True,2009-01-01T00:00:00,
E07000110,Maidstone,laua,True,2009-01-01T00:00:00,
E07000111,Sevenoaks,laua,True,2009-01-01T00:00:00,
E07000112,Folkestone and Hythe,laua,True,2018-04-01T00:00:00,
E07000117,Burnley,laua,True,2009-01-01T00:00:00,
E07000124,Ribble Valley,laua,True,2009-01-01T00:00:00,
E07000129,Blaby,laua,True,2009-01-01T00:00:00,
E07000131,Harborough,laua,True,2009-01-01T00:00:00,
E07000133,Melton,laua,True,2009-01-01T00:00:00,
E07000142,West Lindsey,laua,True,2009-01-01T00:00:00,
E07000143,Breckland,laua,True,2009-01-01T00:00:00,
E07000145,Great Yarmouth,laua,True,2009-01-01T00:00:00,
E07000153,Kettering,laua,True,2009-01-01T00:00:00,
E07000154,Northampton,laua,True,2009-01-01T00:00:00,
E07000166,Richmondshire,laua,True,2009-01-01T00:00:00,
E07000177,Cherwell,laua,True,2009-01-01T00:00:00,
E07000180,Vale of White Horse,laua,True,2009-01-01T00:00:00,
E07000207,Elmbridge,laua,True,2009-01-01T00:00:00,
E07000218,North Warwickshire,laua,True,2009-01-01T00:00:00,
E07000220,Rugby,laua,True,2009-01-01T00:00:00,
E07000227,Horsham,laua,True,2009-01-01T00:00:00,
E07000228,Mid Sussex,laua,True,2009-01-01T00:00:00,
E07000242,East Hertfordshire,laua,True,2013-04-01T00:00:00,
E08000011,Knowsley,laua,True,2009-01-01T00:00:00,
E08000018,Rotherham,laua,True,2009-01-01T00:00:00,
E08000025,Birmingham,laua,True,2009-01-01T00:00:00,
E08000028,Sandwell,laua,True,2009-01-01T00:00:00,
E08000029,Solihull,laua,True,2009-01-01T00:00:00,
E08000035,Leeds,laua,True,2009-01-01T00:00:00,
E09000001,City of London,laua,True,2009-01-01T00:00:00,
E09000015,Harrow,laua,True,2009-01-01T00:00:00,
E09000016,Havering,laua,True,2009-01-01T00:00:00,
E09000018,Hounslow,laua,True,2009-01-01T00:00:00,
E09000027,Richmond upon Thames,laua,True,2009-01-01T00:00:00,
N09000002,"Armagh City, Banbridge and Craigavon",laua,True,2016-02-24T00:00:00,
N09000008,Mid and East Antrim,laua,True,2015-04-01T00:00:00,
N09000009,Mid Ulster,laua,True,2015-04-01T00:00:00,
N09000011,Ards and North Down,laua,True,2016-02-24T00:00:00,
W06000001,Isle of Anglesey,laua,True,2009-01-01T00:00:00,
W06000004,Denbighshire,laua,True,2009-01-01T00:00:00,
W06000014,Vale of Glamorgan,laua,True,2013-01-01T00:00:00,
W06000016,"Rhondda, Cynon, Taff",laua,False,2009-01-01T00:00:00,2009-12-31T00:00:00
W06000020,Torfaen,laua,True,2009-01-01T00:00:00,
E07000051,Purbeck,laua,False,2009-01-01T00:00:00,2019-03-31T00:00:00
E07000204,St Edmundsbury,laua,False,2009-01-01T00:00:00,2019-03-31T00:00:00
